{
    "version": "6.1.0",
    "summary": "Material Design Lite port to Elm",
    "repository": "https://github.com/debois/elm-mdl.git",
    "license": "Apache License, version 2.0",
    "source-directories": [
        "../src",
        "."
    ],
    "exposed-modules": [],
    "dependencies": {
        "debois/elm-dom": "1.2.3 <= v < 2.0.0",
        "elm-lang/dom": "1.1.1 <= v < 2.0.0",
        "elm-lang/core": "5.0.0 <= v < 6.0.0",
        "elm-lang/html": "2.0.0 <= v < 3.0.0",
        "elm-lang/mouse": "1.0.1 <= v < 2.0.0",
        "elm-lang/navigation": "2.0.1 <= v < 3.0.0",
        "elm-lang/window": "1.0.1 <= v < 2.0.0",
        "evancz/elm-markdown": "3.0.1 <= v < 4.0.0",
        "rgrempel/elm-route-url": "3.0.0 <= v < 4.0.0"
    },
    "elm-version": "0.18.0 <= v < 0.19.0"
}
